Year,Class,Grade,StudentName,Telugu_PT1(40),Telugu_PT2(80),Telugu_PT3(100),Hindi_PT1(40),Hindi_PT2(80),Hindi_PT3(100),English_PT1(40),English_PT2(80),English_PT3(100),Maths_PT1(40),Maths_PT2(80),Maths_PT3(100),Science_PT1(40),Science_PT2(80),Science_PT3(100),Social_PT1(40),Social_PT2(80),Social_PT3(100),Distance(Km),Father's_Education,Mother's_Education,Father's_Profession,Mother's_Profession
2015,VI,A,Akhila,25,40,90,15,45,77,14,26,60,29,62,18,33,44,77,18,53,63,3,B.TECH,B.Sc,Clerk,Housewife
2015,VI,A,Deeksha,23,45,75,24,55,74,22,21,26,9,27,77,11,40,25,5,55,58,14,B.Sc,B.TECH,Teacher,Teacher
2015,VI,A,Karun,21,45,65,26,66,75,12,18,81,21,25,86,27,26,13,8,58,23,4,B.Com,B.TECH,Teacher,Housewife
2015,VI,A,Manusree,25,41,45,18,36,76,12,12,32,10,32,8,26,52,77,30,34,58,8,B.A,B.Sc,Bussiness,Housewife
2015,VI,A,Varshith,26,42,15,25,22,78,14,19,76,7,61,35,32,24,38,11,14,27,3,SSC,B.TECH,Agriculture,Housewife
2015,VI,A,Varun,24,47,25,8,32,74,12,5,37,21,53,94,32,36,35,28,31,12,8,Ph.D,B.TECH,Accountant,Clerk
2015,VI,A,vasavi,25,4,35,30,26,88,14,18,85,18,70,93,37,9,44,33,54,87,4,Intermediate,B.TECH,Technician,Housewife
2015,VI,A,Rishitha,31,61,32,23,45,84,22,25,35,26,42,21,10,63,91,4,52,80,6,M.A,M.Sc,Teacher,Housewife
2015,VI,A,Rishika,32,25,63,12,65,85,33,36,90,25,53,61,22,25,67,4,34,56,6,M.Com,B.TECH,Teacher,Housewife
2015,VI,A,Ashritha,32,23,25,36,58,86,13,19,24,37,53,36,17,32,15,25,9,54,8,M.Sc,B.TECH,Physician,Housewife
2015,VI,B,Anudeep,35,2,24,24,56,85,16,24,39,18,64,82,13,26,67,17,43,46,3,B.E,B.Sc,SoftwareDeveloper,Housewife
2015,VI,B,Akshay,31,2,21,37,59,84,14,22,43,37,50,73,11,15,13,17,59,63,6,LLB,B.TECH,Lawyer,Housewife
2015,VI,B,avinash,36,3,45,30,58,81,23,10,84,28,17,24,22,48,25,32,54,28,3,MBBS,B.TECH,Docter,Housewife
2015,VI,B,Ashish,32,25,65,9,56,66,15,38,44,33,30,10,11,64,7,27,42,36,10,M.A,M.Sc,Teacher,Housewife
2015,VI,B,Keerthi,28,22,66,12,52,63,14,17,91,33,3,82,32,38,54,11,60,30,12,BDS,B.TECH,Dentist,Teacher
2015,VI,B,Aaradya,12,52,69,36,45,66,12,35,38,21,60,11,21,22,35,18,11,77,14,B.ED,B.TECH,Teacher,Teacher
2015,VI,B,Rakesh,22,2,74,16,56,44,14,14,31,21,58,75,22,47,69,4,59,71,12,D.ED,B.TECH,Teacher,Nurse
2015,VI,B,Rajkumar,3,5,85,29,25,54,32,28,20,13,60,50,28,25,87,11,72,68,2,B.Pharmacy,B.TECH,Bussiness,Housewife
2015,VI,B,Jagan,14,41,71,19,56,56,22,36,69,31,27,55,18,17,53,9,27,89,5,Diploma,B.TECH,Engineer,Teacher
2015,VI,B,Sharanya,15,12,75,10,52,56,12,16,98,8,44,64,20,67,76,11,30,23,12,B.TECH,B.Sc,SoftwareDeveloper,Teacher
2015,VII,A,Sakshi,12,14,74,16,65,55,23,36,92,19,37,86,37,43,49,27,42,78,5,M.Sc,B.TECH,Teacher,Housewife
2015,VII,A,Sreekanth,13,12,72,16,44,44,24,39,89,11,24,84,11,33,33,8,18,88,8,B.Sc,B.TECH,Teacher,Clerk
2015,VII,A,Sreenikanth,15,15,73,29,55,41,25,29,48,19,5,82,18,41,59,11,30,90,6,M.Sc,B.TECH,Teacher,Clerk
2015,VII,A,Asha,21,12,76,28,66,40,26,39,64,31,5,15,39,65,75,24,79,9,13,M.Com,B.TECH,Teacher,Bussiness
2015,VII,A,Akansha,4,14,75,12,55,50,28,9,38,14,30,40,9,58,30,18,50,59,13,B.Com,B.TECH,Teacher,KiranaStore
2015,VII,A,Pradeep,21,16,78,16,66,70,24,26,99,23,61,42,23,66,83,5,66,37,2,B.Pharmacy,B.TECH,Pharmacist,Clerk
2015,VII,A,Praveen,31,12,74,38,33,80,26,12,34,16,19,31,22,22,74,26,74,69,11,M.Pharmacy,B.TECH,Pharmacist,Clerk
2015,VII,A,Pragathi,15,21,74,35,55,45,29,38,59,36,51,13,33,55,50,14,51,86,14,B.E,B.Sc,Engineer,Teacher
2015,VII,A,Suresh,21,22,75,20,9,44,27,12,66,6,51,74,39,24,3,8,23,45,6,Nursing,B.TECH,nurse,Engineer
2015,VII,A,Ramesh,23,23,78,8,55,55,28,39,54,10,36,38,20,14,37,6,68,83,14,MBA,B.TECH,Bussiness,Bussiness
2015,VII,B,Charan,12,25,71,36,71,66,19,38,79,11,47,14,8,11,91,15,34,70,4,MCA,B.TECH,SoftwareDeveloper,Engineer
2015,VII,B,Manish,12,24,74,33,20,66,17,34,98,18,70,86,26,43,58,33,37,11,7,LLB,B.TECH,Lawyer,Engineer
2015,VII,B,Mounika,22,26,75,28,30,55,18,30,97,16,19,18,20,65,44,25,23,63,11,M.A,M.Sc,DL,DL
2015,VII,B,Devika,21,25,71,11,10,45,19,22,43,11,55,11,11,26,6,11,54,68,3,M.Com,B.TECH,JL,Teacher
2015,VII,B,Anusree,12,21,72,33,40,63,17,20,35,19,50,67,14,54,57,4,41,94,4,B.Sc,B.TECH,Teacher,Clerk
2015,VII,B,Karthik,12,28,74,29,50,64,16,20,95,7,52,68,39,55,68,11,37,55,13,B.TECH,B.Sc,Clerk,Clerk
2015,VII,B,Sathwika,14,23,74,31,60,80,23,27,80,18,39,44,9,52,6,32,47,43,3,B.TECH,B.Sc,Clerk,Teacher
2015,VII,B,Karthik,15,20,76,36,20,54,25,19,24,32,40,38,23,14,45,6,54,88,2,B.TECH,B.Sc,SoftwareDeveloper,Housewife
2015,VII,B,Anand,16,30,74,30,70,65,31,6,72,7,19,25,32,46,5,20,77,75,11,LLB,B.TECH,Lawyer,Engineer
2015,VII,B,Vandana,32,40,19,9,40,25,26,28,56,28,14,51,14,57,19,20,70,89,7,M.A,M.Sc,JL,DL
2015,VIII,A,Mahathi,12,50,44,22,10,23,9,8,37,15,4,72,12,21,57,33,44,16,9,B.A,B.Sc,Accountant,Teacher
2015,VIII,A,Mahitha,15,60,44,22,30,24,8,35,72,17,67,44,32,38,26,18,46,92,6,B.Sc,B.TECH,labTechnician,Engineer
2015,VIII,A,Adhikshitha,12,44,87,9,20,25,27,27,97,7,37,8,18,37,33,12,72,74,6,B.Pharmacy,B.TECH,Teacher,Engineer
2015,VIII,A,Jahnavi,32,70,22,31,50,26,39,39,91,29,19,61,20,8,18,9,9,11,6,B.Pharmacy,B.TECH,Agriculture,Engineer
2015,VIII,A,janvi,12,17,32,19,40,26,13,17,48,10,46,60,32,23,78,15,17,65,14,LLB,B.TECH,DL,Engineer
2015,VIII,A,Shannvi,11,19,65,31,60,39,22,17,94,26,58,61,16,51,44,8,69,62,13,MBA,B.TECH,JL,Engineer
2015,VIII,A,Sree,25,17,55,25,32,49,21,5,23,22,59,27,26,42,40,10,80,89,4,MCA,B.TECH,Engineer,Engineer
2015,VIII,A,Priya,2,19,55,21,12,89,13,29,73,33,64,48,38,65,3,34,71,51,5,SSC,B.TECH,Agriculture,Housewife
2015,VIII,A,Prianka,25,17,45,22,14,79,16,27,85,33,36,38,36,67,33,27,34,67,2,Intermediate,B.TECH,Agriculture,Housewife
2015,VIII,A,Vishnu,35,14,45,20,15,69,14,5,99,23,56,26,29,22,34,25,71,68,4,M.A,M.Sc,DL,DL
2015,VIII,B,Vishnupreethi,21,12,46,33,12,59,21,12,63,23,55,72,22,41,42,4,68,39,10,B.Com,B.TECH,JL,Engineer
2015,VIII,B,Vishnupriya,3,16,74,10,23,69,17,18,96,11,32,52,25,60,15,6,24,93,7,B.Pharmacy,B.TECH,Pharmacist,Engineer
2015,VIII,B,Vintuthna,9,19,54,11,23,25,33,26,67,8,28,52,16,55,33,8,21,96,6,M.Pharmacy,B.TECH,Pharmacist,Engineer
2015,VIII,B,Prajwal,8,17,78,17,52,91,37,25,51,28,64,97,25,41,38,25,49,52,11,BDS,B.TECH,Dentist,Engineer
2015,VIII,B,Shiva,7,18,45,13,36,25,28,33,21,36,49,74,32,21,30,19,31,34,10,B.ED,B.TECH,Teacher,Engineer
2015,VIII,B,Aravind,4,13,75,26,25,10,34,32,60,13,4,63,15,20,50,13,44,24,2,D.ED,B.TECH,Teacher,Engineer
2015,VIII,B,Kiranmay,8,35,47,29,14,50,13,39,62,8,49,50,21,16,45,3,46,28,9,B.ED,B.TECH,Teacher,Engineer
2015,VIII,B,Pooja,9,66,77,9,23,30,18,33,79,28,68,23,21,34,57,17,80,90,4,B.TECH,B.Sc,Engineer,Teacher
2015,VIII,B,Poojasri,5,44,88,9,52,80,16,20,60,34,34,11,38,29,47,30,50,28,10,B.Com,B.TECH,Accountant,Engineer
2015,VIII,B,Sneha,6,44,77,11,36,8,16,11,70,37,67,31,39,56,12,24,51,52,6,B.Pharmacy,B.TECH,Pharmacist,Engineer
2015,IX,A,Shashank,1,55,44,31,25,32,31,17,85,26,53,41,14,34,5,25,76,70,8,Ph.D,B.TECH,scientist,Engineer
2015,IX,A,Shashi,2,66,55,24,21,86,31,39,80,29,61,12,38,65,19,26,58,30,14,LLB,B.TECH,Lawyer,Engineer
2015,IX,A,Sanketh,4,11,66,38,23,30,22,18,86,23,72,91,24,29,53,30,37,40,11,B.A,B.Sc,Teacher,Clerk
2015,IX,A,Snehari,7,22,55,17,25,9,36,13,83,37,70,23,10,54,14,20,49,86,14,B.Com,B.TECH,Accountant,Engineer
2015,IX,A,Snigda,9,33,45,32,15,28,8,22,33,16,41,22,9,28,28,3,15,77,6,LLB,B.TECH,Lawyer,Engineer
2015,IX,A,Shirishka,10,41,75,30,15,41,29,27,60,21,25,34,14,21,45,20,57,72,3,Nursing,B.TECH,nurse,Engineer
2015,IX,A,Shireesha,11,52,45,11,52,56,12,7,73,23,19,13,28,37,3,26,27,85,5,B.Com,B.TECH,Accountant,Engineer
2015,IX,A,vasu,22,63,65,21,54,65,28,15,34,35,28,8,18,60,18,21,24,17,11,B.A,B.Sc,Teacher,Teacher
2015,IX,A,Apoorva,12,45,85,13,12,19,20,34,45,14,36,54,27,36,80,30,24,34,4,B.Sc,B.TECH,Teacher,Engineer
2015,IX,A,Shivani,19,15,65,12,52,30,25,23,62,14,62,67,26,14,66,28,80,15,12,BDS,B.TECH,Dentist,Engineer
2015,IX,B,Ambhika,29,24,65,30,45,52,14,32,67,15,35,27,31,12,33,12,23,33,11,Ph.D,B.TECH,scientist,Engineer
2015,IX,B,Alekya,28,26,44,8,52,93,24,34,63,16,33,66,26,17,29,16,9,9,7,LLB,B.TECH,Lawyer,Engineer
2015,IX,B,Ashwini,27,23,45,38,36,57,30,38,51,15,69,20,29,11,61,4,65,19,10,M.ED,B.TECH,Teacher,Engineer
2015,IX,B,Jaya,25,25,41,30,25,55,33,19,73,36,3,71,34,62,56,6,60,34,8,LLB,B.TECH,Lawyer,Engineer
2015,IX,B,Jayanthi,26,31,65,34,63,17,35,37,37,34,48,37,20,40,74,10,11,93,14,M.A,M.Sc,Teacher,DL
2015,IX,B,Abhay,30,45,45,32,24,69,24,18,86,21,4,63,25,23,81,25,58,91,14,M.Com,B.TECH,Teacher,Engineer
2015,IX,B,Anitha,20,14,66,12,63,82,36,38,25,31,12,27,27,45,88,8,76,61,5,M.Sc,B.TECH,labTechnician,Engineer
2015,IX,B,Shanthi,10,25,62,15,4,28,12,26,71,19,2,51,31,47,76,21,78,57,11,B.Sc,B.TECH,DL,Engineer
2015,IX,B,Bhavani,15,44,63,16,29,35,32,5,77,31,44,81,37,44,45,25,67,99,9,B.Com,B.TECH,Teacher,Engineer
2015,IX,B,Bhargavi,17,65,45,12,15,86,30,26,73,14,29,55,36,23,75,24,59,68,13,B.TECH,B.Sc,Engineer,Housewife
2015,X,A,Bhavana,18,32,44,30,64,21,26,6,99,12,63,72,8,66,26,33,71,72,5,B.TECH,B.Sc,Engineer,Housewife
2015,X,A,Meghana,19,25,58,27,24,18,29,35,56,18,49,77,35,39,45,29,36,28,7,B.TECH,B.Sc,Engineer,Housewife
2015,X,A,Shashirekha,16,23,65,13,60,22,34,29,49,30,18,46,8,31,56,15,31,83,11,B.TECH,B.Sc,Engineer,Housewife
2015,X,A,Shashikala,14,23,47,17,56,69,21,13,79,33,17,24,9,32,47,17,9,8,9,B.TECH,B.Sc,Engineer,Housewife
2015,X,A,Shashi,12,24,88,19,47,9,24,20,78,10,59,29,28,45,52,30,25,28,4,B.TECH,B.Sc,Engineer,Housewife
2015,X,A,Rahul,22,21,98,33,50,36,35,28,87,17,30,11,11,36,54,28,35,72,8,B.TECH,B.Sc,Engineer,Housewife
2015,X,A,Rajesh,15,25,66,16,25,23,14,14,42,6,37,82,15,15,4,19,70,16,14,B.TECH,B.Sc,Engineer,Housewife
2015,X,A,Karteeka,14,47,22,30,25,9,11,15,87,12,29,32,36,36,81,10,38,39,10,B.Com,B.TECH,Teacher,Housewife
2015,X,A,Ashok,15,45,55,27,29,12,17,37,34,13,26,23,10,48,64,8,56,86,6,B.Sc,B.TECH,Teacher,Engineer
2015,X,A,Aravinda,16,46,65,16,58,99,27,22,35,35,42,20,21,42,51,6,36,15,5,B.A,B.Sc,Clerk,Clerk
2015,X,B,Meghana,14,47,61,23,62,36,38,23,58,11,21,72,32,49,77,29,53,23,4,LLB,B.TECH,Lawyer,Engineer
2015,X,B,Lokesh,23,46,63,17,52,63,24,22,63,19,43,96,31,40,7,24,43,27,10,MBA,B.TECH,Bussiness,Engineer
2015,X,B,Lakshmi,23,41,68,33,23,57,11,23,78,36,67,38,28,48,75,3,35,97,5,MCA,B.TECH,SoftwareDeveloper,Engineer
2015,X,B,Bharathi,12,12,69,17,60,13,36,7,63,10,51,38,12,67,27,16,24,94,13,M.Com,B.TECH,SoftwareDeveloper,Housewife
2015,X,B,Vamshi,22,45,64,15,49,40,15,10,28,8,13,18,36,56,91,15,49,59,6,M.ED,B.TECH,Teacher,Housewife
2015,X,B,Vaibhav,32,74,53,30,25,14,29,25,31,12,14,66,13,58,50,6,36,45,9,LLB,B.TECH,Lawyer,Housewife
2015,X,B,Hema,22,42,62,34,63,21,17,15,40,8,28,42,18,62,25,13,27,86,7,SSC,B.TECH,Agriculture,Housewife
2015,X,B,Rama,11,12,45,8,5,23,23,20,97,37,69,50,25,26,8,5,18,47,12,Intermediate,B.TECH,Agriculture,Housewife
2015,X,B,Roja,12,45,16,30,22,23,28,25,93,10,2,92,25,13,10,26,61,20,13,M.A,M.Sc,Teacher,Housewife
2015,X,B,Pavan,15,65,30,32,67,25,21,7,22,7,13,21,31,64,21,17,49,70,11,B.A,B.Sc,Teacher,Housewife
2016,VI,A,Amani,16,32,80,11,67,21,18,33,68,36,17,98,18,57,9,27,19,61,4,B.A,B.Sc,Teacher,Housewife
2016,VI,A,Arun,12,14,70,14,36,67,25,15,49,37,32,67,19,36,84,15,49,33,10,LLB,B.TECH,Lawyer,Housewife
2016,VI,A,Anvika,14,15,74,26,52,74,13,17,75,6,63,76,27,33,93,3,9,41,3,Nursing,B.TECH,nurse,ComputerOperator
2016,VI,A,Srinidhi,18,12,57,33,34,33,23,22,60,10,6,78,18,55,29,9,47,28,13,B.Pharmacy,B.TECH,Pharmacist,Housewife
2016,VI,A,Srinu,37,41,65,13,55,9,14,30,50,26,35,38,14,26,37,29,24,61,12,M.Pharmacy,B.TECH,Pharmacist,Housewife
2016,VI,A,Srimukhi,31,65,70,36,12,42,9,25,30,24,17,32,18,29,94,6,45,48,10,B.TECH,B.Sc,Engineer,Housewife
2016,VI,A,Venu,9,32,13,24,53,82,34,27,80,27,31,72,12,35,76,32,49,36,2,LLB,B.TECH,Lawyer,Housewife
2016,VI,A,Veeru,14,14,61,15,8,19,35,24,95,6,54,31,35,46,90,28,20,63,2,M.Pharmacy,B.TECH,Pharmacist,Housewife
2016,VI,A,Laila,18,35,52,29,15,87,27,31,32,18,47,68,28,22,4,16,47,41,11,B.Pharmacy,B.TECH,Pharmacist,Housewife
2016,VI,A,Praveena,26,36,14,14,15,26,39,18,79,23,9,92,19,46,75,5,21,14,14,M.A,M.Sc,Teacher,Housewife
2016,VI,B,Rekha,38,32,71,38,61,22,23,37,74,37,20,17,18,45,72,25,26,10,12,B.A,B.Sc,Teacher,Housewife
2016,VI,B,Archana,30,39,36,28,65,35,17,33,81,24,71,34,16,13,76,26,39,47,9,B.ED,B.TECH,cheff,Housewife
2016,VI,B,Sushma,38,38,88,38,69,81,19,31,57,26,46,58,20,43,52,16,55,35,12,D.ED,B.TECH,Teacher,Housewife
2016,VI,B,Architha,13,38,70,36,67,49,11,9,76,18,69,8,33,20,16,13,34,63,14,Nursing,B.TECH,nurse,Housewife
2016,VI,B,Akshitha,17,37,60,19,43,25,35,36,26,21,65,73,39,34,56,18,60,22,10,B.ED,B.TECH,Teacher,ComputerOperator
2016,VI,B,Abhi,33,34,52,37,10,70,31,26,37,14,38,22,37,50,67,7,26,49,10,B.A,B.A,Clerk,Housewife
2016,VI,B,Mouna,29,31,21,11,35,94,21,25,22,7,31,77,32,39,77,31,13,47,14,B.TECH,B.Com,Engineer,Housewife
2016,VI,B,Manohar,30,35,27,14,54,51,32,12,62,30,58,55,17,60,59,23,73,51,4,B.Pharmacy,B.Pharmacy,Pharmacist,Housewife
2016,VI,B,Manik,29,32,51,28,35,78,10,26,78,17,6,9,29,27,80,14,74,57,13,B.Pharmacy,SSC,Pharmacist,Housewife
2016,VI,B,Manoj,35,36,56,26,73,63,25,9,20,29,33,58,11,55,52,25,46,60,13,B.Sc,SSC,Teacher,Housewife
2016,VII,A,Venky,26,32,53,31,53,83,31,27,64,20,48,71,25,57,75,30,11,45,3,B.Com,B.Sc,Accountant,ComputerOperator
2016,VII,A,Virat,14,34,34,19,35,63,22,13,90,14,70,97,21,35,60,15,53,81,13,LLB,B.TECH,Lawyer,Housewife
2016,VII,A,Kohli,35,32,46,37,14,74,24,17,82,15,3,76,16,50,74,29,66,42,4,B.Com,B.TECH,Accountant,Housewife
2016,VII,A,Rohith,11,35,58,30,36,62,15,9,42,31,33,25,32,66,82,22,53,40,14,D.ED,B.Sc,Teacher,Housewife
2016,VII,A,Jagadeesh,35,35,10,26,27,27,30,24,86,9,21,34,30,53,80,27,9,93,8,D.ED,B.Sc,Teacher,ComputerOperator
2016,VII,A,Divya,23,39,35,32,46,92,37,16,61,15,29,35,39,65,78,15,38,42,12,CA,SSC,Accountant,ComputerOperator
2016,VII,A,Kavya,16,34,69,38,74,30,21,7,31,23,61,66,27,15,60,32,52,60,13,B.Sc,SSC,Teacher,Housewife
2016,VII,A,Shyam,11,38,79,20,6,89,30,34,66,14,8,60,33,30,85,20,26,10,2,B.Com,SSC,Teacher,Housewife
2016,VII,A,Saida,28,39,75,22,55,33,37,21,99,39,17,97,28,11,76,29,49,71,9,B.TECH,SSC,Engineer,Engineer
2016,VII,A,Bhaskar,24,37,28,21,15,98,23,28,56,11,63,52,21,46,16,6,47,63,2,B.TECH,SSC,Teacher,Housewife
2016,VII,B,Paru,36,39,88,30,60,64,24,28,27,6,23,50,20,37,38,26,44,31,8,B.A,SSC,Clerk,Housewife
2016,VII,B,Bhagya,13,34,17,32,10,59,21,17,75,17,54,11,19,30,33,31,38,29,14,B.ED,SSC,Teacher,Housewife
2016,VII,B,Boomika,31,38,96,32,27,91,25,8,43,11,5,51,11,32,71,23,73,36,11,D.ED,SSC,Teacher,Housewife
2016,VII,B,Kajal,39,37,71,37,21,41,36,32,21,19,15,38,27,19,51,18,75,86,12,B.TECH,B.Sc,Engineer,Teacher
2016,VII,B,Samantha,34,45,50,14,69,70,29,32,72,24,29,56,25,24,52,15,30,96,11,B.TECH,B.TECH,Engineer,Teacher
2016,VII,B,Esha,10,41,35,26,70,11,27,39,65,6,45,65,17,34,67,34,12,81,6,B.TECH,B.Sc,SoftwareDeveloper,ComputerOperator
2016,VII,B,Meghani,37,46,80,29,73,64,11,5,30,18,71,52,12,32,41,34,28,9,8,B.E,M.Sc,Teacher,Housewife
2016,VII,B,Vikram,18,14,48,33,71,51,28,21,57,19,10,21,32,43,59,10,27,99,7,Ph.D,B.Com,Teacher,Housewife
2016,VII,B,Santhosh,24,25,37,8,26,98,15,19,96,13,4,32,32,63,51,4,40,74,11,B.Sc,M.Sc,Accountant,Housewife
2016,VII,B,Sathish,19,45,80,26,4,13,26,9,43,6,14,81,18,66,61,19,22,63,4,M.Sc,CA,Teacher,Housewife
2016,VIII,A,Sathwik,39,25,20,29,42,68,21,36,27,33,54,62,33,8,77,25,46,77,13,Nursing,SSC,nurse,Housewife
2016,VIII,A,Soumya,23,14,63,18,30,25,27,27,67,31,21,86,18,48,71,25,80,24,13,SSC,SSC,Agriculture,Housewife
2016,VIII,A,Priyanka,34,23,21,17,11,12,28,17,38,38,37,62,27,28,8,20,79,42,10,B.TECH,B.TECH,Engineer,Engineer
2016,VIII,A,Darshak,16,56,21,10,48,78,21,20,31,25,45,24,20,47,12,5,80,65,11,B.TECH,B.TECH,Engineer,Engineer
2016,VIII,A,Saichand,25,66,80,21,60,75,10,20,60,37,10,52,36,40,77,28,10,38,14,B.Sc,SSC,Teacher,Housewife
2016,VIII,A,Kiran,11,67,43,19,34,42,20,5,95,8,57,36,23,29,12,8,48,90,9,B.Com,SSC,Accountant,Housewife
2016,VIII,A,Hyma,38,48,50,22,56,35,10,12,47,15,56,78,39,33,71,12,34,17,11,Ph.D,SSC,Teacher,Housewife
2016,VIII,A,Avigna,9,45,23,23,37,90,25,28,91,16,31,71,36,37,84,4,72,63,10,Nursing,SSC,nurse,Housewife
2016,VIII,A,Manasa,29,47,49,10,20,56,33,26,40,14,58,27,23,46,10,27,79,71,4,B.E,SSC,Teacher,Teacher
2016,VIII,A,Madhavi,37,41,39,9,49,65,23,28,97,18,40,83,29,30,54,34,76,20,11,SSC,SSC,Agriculture,Teacher
2016,VIII,B,Manasvi,32,42,44,13,74,94,12,9,67,20,31,90,22,57,47,27,50,66,10,Intermediate,SSC,Clerk,Teacher
2016,VIII,B,Ravi,15,45,85,10,3,19,30,6,46,23,53,30,11,59,69,30,38,18,12,Ph.D,B.Sc,Teacher,Teacher
2016,VIII,B,Raghava,16,64,80,10,56,43,13,13,86,19,5,50,13,35,89,23,25,85,8,B.Pharmacy,Intermidiate,Bussiness,Housewife
2016,VIII,B,Shankar,16,71,32,12,54,94,25,32,42,18,40,11,37,43,5,11,78,15,4,B.Pharmacy,B.Sc,Bussiness,Teacher
2016,VIII,B,Saaradhi,27,74,49,20,25,72,13,35,92,27,12,42,31,12,25,16,45,87,14,CA,SSC,Accountant,Agriculture
2016,VIII,B,Gangothi,20,71,33,25,28,61,17,22,81,6,10,97,23,25,73,19,24,85,7,M.Sc,B.TECH,Engineer,Engineer
2016,VIII,B,Partha,27,74,73,23,46,26,36,32,46,7,18,62,26,59,54,30,60,61,14,M.A,B.TECH,Bussiness,Engineer
2016,VIII,B,Najar,24,40,56,10,39,34,30,22,49,19,1,28,36,35,74,21,10,98,8,M.Com,Nursing,SoftwareDeveloper,nurse
2016,VIII,B,Mahesh,28,74,61,27,8,20,28,39,96,15,16,12,10,62,36,26,20,20,10,M.Sc,SSC,SoftwareDeveloper,Teacher
2016,VIII,B,Srinath,12,38,67,29,28,48,18,36,50,35,51,64,18,9,78,29,18,13,10,B.TECH,SSC,Engineer,Teacher
2016,IX,A,Vinay,20,13,65,20,66,27,20,28,44,37,25,66,11,41,11,20,28,24,4,B.Sc,Nursing,Teacher,nurse
2016,IX,A,Vishwak,21,44,9,30,25,63,24,35,26,30,57,18,19,33,83,6,26,33,3,B.Sc,Nursing,SoftwareDeveloper,nurse
2016,IX,A,Vignan,31,59,87,22,26,26,21,31,25,34,66,32,26,54,18,3,42,65,14,B.Com,Nursing,Teacher,nurse
2016,IX,A,Vaishnavi,13,46,81,11,22,38,33,10,82,38,62,72,20,8,93,26,36,13,7,B.Pharmacy,Intermidiate,Bussiness,nurse
2016,IX,A,Vital,24,55,90,15,51,52,38,22,37,23,54,31,34,33,66,11,48,43,3,B.TECH,Intermidiate,Engineer,Teacher
2016,IX,A,Vijay,34,55,72,14,9,20,33,19,80,24,71,21,15,48,77,16,75,27,13,B.Com,Intermidiate,Accountant,Teacher
2016,IX,A,Rishi,8,23,52,32,38,90,27,22,54,12,44,59,26,64,85,4,22,47,13,Diploma,B.Sc,Bussiness,Teacher
2016,IX,A,Hemanth,11,10,92,37,21,80,38,37,68,11,5,90,21,24,50,20,28,44,8,Diploma,B.Com,Bussiness,Teacher
2016,IX,A,Mohan,31,53,71,17,54,10,29,9,50,32,68,77,16,62,17,10,34,34,13,B.TECH,B.Sc,Engineer,Teacher
2016,IX,A,Mohana,29,66,59,26,71,53,30,24,71,29,30,69,27,58,29,17,54,42,2,B.Com,B.TECH,Teacher,Housewife
2016,IX,B,Mohit,14,27,91,13,11,74,34,29,38,12,42,63,9,33,59,19,38,63,12,B.Sc,B.TECH,Engineer,Housewife
2016,IX,B,Vishnu,19,27,35,37,68,21,21,26,87,36,9,96,31,28,4,33,60,59,13,M.Sc,B.TECH,SoftwareDeveloper,Engineer
2016,IX,B,Vipanchi,24,22,71,15,51,62,38,23,27,37,43,18,13,19,60,11,54,23,9,M.Com,B.TECH,Teacher,Engineer
2016,IX,B,Krishna,10,59,69,27,70,24,9,31,25,30,15,26,8,55,16,32,41,71,12,M.Sc,B.TECH,SoftwareDeveloper,Engineer
2016,IX,B,Venu,27,60,61,20,52,16,14,13,23,13,43,26,16,31,79,11,73,67,8,M.Com,B.TECH,Bussiness,Engineer
2016,IX,B,Priya,27,32,23,16,57,17,16,5,75,39,40,38,20,47,59,14,36,94,2,B.Pharmacy,B.TECH,Bussiness,Engineer
2016,IX,B,Ambhi,17,40,61,9,6,69,38,5,50,11,10,10,24,57,48,14,36,21,2,Nursing,B.TECH,nurse,Engineer
2016,IX,B,Navya,39,64,99,10,70,32,8,25,97,31,55,77,26,50,47,6,50,12,11,Nursing,B.TECH,nurse,Engineer
2016,IX,B,Geetha,29,25,66,8,7,62,20,34,96,11,50,44,29,52,51,5,37,73,8,B.Pharmacy,B.TECH,Bussiness,Engineer
2016,IX,B,Seetha,34,25,23,29,45,55,16,30,60,30,14,29,25,28,41,11,33,33,8,M.Sc,B.TECH,Engineer,Engineer
2016,X,A,Nikhil,10,42,83,37,45,15,35,16,92,16,36,31,34,47,80,30,39,10,7,B.Sc,B.TECH,Accountant,Engineer
2016,X,A,Shathan,26,46,60,30,26,90,28,17,35,10,42,51,38,64,35,9,32,41,12,B.Com,B.TECH,SoftwareDeveloper,Engineer
2016,X,A,Shanvi,15,79,22,13,63,50,31,34,95,11,48,50,32,65,24,28,9,28,2,M.Com,B.TECH,SoftwareDeveloper,Engineer
2016,X,A,Shravani,31,69,32,30,74,57,38,30,42,17,39,16,17,15,45,29,79,82,8,M.Sc,B.TECH,SoftwareDeveloper,Engineer
2016,X,A,Sandya,12,50,41,35,73,88,29,5,43,9,19,45,11,43,22,30,14,93,12,D.ED,B.TECH,cheff,Engineer
2016,X,A,Sampath,26,20,45,22,9,18,19,17,62,27,7,30,13,59,28,34,20,71,11,B.ED,B.TECH,Teacher,Engineer
2016,X,A,Aparna,25,18,96,9,46,10,20,16,28,16,29,24,9,45,92,21,67,14,7,B.TECH,B.TECH,Engineer,Engineer
2016,X,A,Vedha,12,46,98,24,58,37,15,19,68,17,60,33,37,50,6,27,45,49,6,B.Pharmacy,B.TECH,Bussiness,Engineer
2016,X,A,Aadhi,34,67,57,22,47,29,28,8,64,32,20,20,39,19,58,18,20,41,10,B.Pharmacy,B.TECH,Agriculture,Engineer
2016,X,A,Rajitha,15,15,62,28,21,13,23,15,51,39,23,92,20,57,82,12,46,27,10,B.Pharmacy,B.TECH,Bussiness,Engineer
2016,X,B,Ramani,34,71,73,24,25,49,10,17,75,16,68,64,10,38,7,25,28,93,3,CA,B.TECH,Accountant,Engineer
2016,X,B,Pavan,32,21,90,37,28,24,35,6,90,18,59,34,16,62,90,19,16,59,13,LLB,B.TECH,Lawyer,Engineer
2016,X,B,Pallavi,37,30,34,31,48,71,32,15,43,20,26,78,34,15,23,25,9,52,9,SSC,B.TECH,Clerk,Engineer
2016,X,B,Swetha,8,38,53,21,37,71,15,22,93,20,64,99,25,25,26,13,51,67,5,SSC,B.TECH,Agriculture,Housewife
2016,X,B,Swathi,39,35,31,38,70,54,10,19,69,24,35,77,21,29,53,27,62,93,9,LLB,B.TECH,Lawyer,Housewife
2016,X,B,Shravanthi,22,67,8,28,19,89,15,32,24,39,10,80,13,53,83,8,62,99,8,B.A,B.TECH,Teacher,Housewife
2016,X,B,Kalasri,27,73,71,38,10,71,17,26,41,7,9,12,16,56,71,24,35,30,2,M.A,B.TECH,Teacher,Housewife
2016,X,B,kalpana,26,38,48,24,13,75,26,14,33,14,31,87,29,58,71,31,61,53,11,M.TECH,B.TECH,Professor,Housewife
2016,X,B,Kavitha,20,50,99,38,20,33,26,10,61,26,49,16,8,20,5,3,68,25,9,B.Sc,B.TECH,Teacher,Housewife
2016,X,B,Manjula,32,36,99,18,67,38,14,8,69,23,57,68,13,11,24,18,12,43,10,Ph.D,LLB,Teacher,Lawyer
2017,VI,A,Prema,25,9,81,31,18,67,28,32,92,33,44,59,16,39,57,31,46,58,8,B.Sc,B.A,Teacher,Housewife
2017,VI,A,vani,26,12,78,19,52,32,11,20,27,21,42,95,39,20,10,3,13,74,8,M.Com,B.Sc,SoftwareDeveloper,Housewife
2017,VI,A,Vineetha,33,40,80,11,66,85,33,20,77,31,16,36,15,25,62,30,76,10,6,M.TECH,B.Com,Professor,Housewife
2017,VI,A,Vidwesh,21,61,73,38,37,43,21,16,66,24,5,47,39,53,31,10,76,74,4,B.TECH,B.Sc,Engineer,Housewife
2017,VI,A,Vikari,23,76,21,24,30,74,39,39,71,15,51,50,26,65,16,34,25,13,10,B.Pharmacy,B.Sc,Bussiness,Teacher
2017,VI,A,gopi,10,47,98,26,66,46,38,8,74,33,72,52,39,61,93,24,14,31,5,SSC,B.Sc,Clerk,Teacher
2017,VI,A,Pavan,37,12,66,13,53,39,37,10,41,25,65,73,13,43,78,6,51,57,5,B.Com,MCA,Teacher,accountant
2017,VI,A,Kalyan,18,13,62,34,15,89,17,9,44,35,49,28,24,60,19,8,52,99,8,M.TECH,MBA,SoftwareDeveloper,Bussiness
2017,VI,A,Babu,30,30,54,33,11,57,22,22,36,29,40,76,31,38,86,11,13,13,4,B.Pharmacy,B.E,Bussiness,Engineer
2017,VI,A,Chiranjeevi,21,14,49,31,30,83,24,25,77,26,57,60,28,61,89,24,78,12,14,B.Sc,B.E,Professor,Engineer
2017,VI,B,Janu,10,17,36,17,34,42,32,9,42,38,50,64,13,39,78,6,34,37,2,B.Com,PH.D,SoftwareDeveloper,Scientist
2017,VI,B,Brahmam,14,32,61,37,65,71,34,18,70,30,1,94,25,50,12,4,32,62,6,M.Sc,B.Pharmacy,Professor,Pharmacist
2017,VI,B,Biksham,35,34,47,28,67,26,34,35,93,28,21,30,25,48,11,13,57,98,10,SSC,B.Pharmacy,Agriculture,Pharmacist
2017,VI,B,Saleem,14,11,38,34,22,63,23,37,69,31,13,38,35,47,70,5,47,19,10,Diploma,B.Pharmacy,Engineer,Pharmacist
2017,VI,B,Anarkali,15,58,82,11,25,99,28,24,80,33,5,76,14,8,24,18,60,40,12,Ph.D,B.Pharmacy,Teacher,Pharmacist
2017,VI,B,Akbar,37,49,63,18,34,70,26,34,74,22,58,57,11,34,7,12,40,26,11,B.A,B.Pharmacy,Bussiness,Pharmacist
2017,VI,B,Ambhika,19,64,97,35,11,16,39,21,73,27,15,30,30,22,66,7,13,38,6,M.A,B.Pharmacy,Bussiness,Pharmacist
2017,VI,B,Priyanka,30,39,23,31,24,62,34,30,92,17,71,94,39,10,37,13,10,49,6,B.E,B.Pharmacy,Teacher,Pharmacist
2017,VI,B,Priya,36,68,70,21,17,19,30,6,97,22,42,88,14,25,58,25,56,36,12,M.Sc,B.Pharmacy,Professor,Pharmacist
2017,VI,B,Pavan,36,18,26,31,7,56,32,33,68,16,40,8,32,34,71,18,22,37,14,LLB,B.Pharmacy,Lawyer,Pharmacist
2017,VII,A,Naga,12,22,18,36,68,40,37,31,99,10,52,60,21,18,80,12,20,39,12,SSC,B.Pharmacy,Agriculture,Pharmacist
2017,VII,A,Lakshman,35,71,41,11,55,34,21,23,60,28,16,36,16,10,62,27,64,65,2,Ph.D,B.Pharmacy,Teacher,Pharmacist
2017,VII,A,Lavanya,37,15,26,20,24,19,9,32,31,13,53,10,16,54,11,12,15,85,4,B.A,B.Pharmacy,Teacher,Pharmacist
2017,VII,A,Sravika,33,53,55,13,12,72,32,21,82,17,61,75,12,55,83,20,67,80,11,B.Sc,B.Pharmacy,Bussiness,Pharmacist
2017,VII,A,Bhoopa,25,49,75,34,54,32,17,17,77,16,62,31,8,37,7,10,48,54,6,M.Sc,B.Pharmacy,Bussiness,Pharmacist
2017,VII,A,Swarna,9,43,8,19,65,33,38,8,40,20,64,92,37,51,31,5,26,51,14,M.TECH,B.Pharmacy,Professor,Teacher
2017,VII,A,Swathi,34,33,13,35,33,39,27,7,38,15,24,14,39,39,92,19,79,16,5,Diploma,B.Pharmacy,Engineer,Teacher
2017,VII,A,Swapna,39,17,62,14,30,77,15,18,26,6,70,42,21,17,91,10,69,64,8,B.TECH,B.Pharmacy,SoftwareDeveloper,Teacher
2017,VII,A,Avinash,31,8,34,28,34,45,17,23,93,33,16,91,21,9,44,34,42,14,6,B.A,B.Pharmacy,Teacher,Teacher
2017,VII,A,Raj,35,68,50,12,34,66,36,25,29,27,32,38,15,57,87,28,14,49,6,CA,B.Pharmacy,Accountant,Teacher
2017,VII,B,Rajesh,19,49,70,16,25,84,32,9,35,33,53,57,24,67,74,13,39,49,11,LLB,B.Pharmacy,Lawyer,Lawyer
2017,VII,B,Rakesh,26,29,36,31,23,42,13,9,70,33,49,58,38,57,45,16,42,57,12,M.TECH,B.Pharmacy,Engineer,Teacher
2017,VII,B,Rama,20,13,77,11,28,38,8,29,34,21,38,54,28,19,41,18,62,88,10,M.Sc,B.Pharmacy,SoftwareDeveloper,Teacher
2017,VII,B,Ramani,18,75,59,32,39,60,22,34,33,27,57,40,9,38,82,17,48,57,5,B.A,B.Pharmacy,Teacher,Teacher
2017,VII,B,Amani,30,37,11,20,62,15,14,19,60,39,30,94,28,50,85,34,19,17,6,B.Sc,B.Pharmacy,SoftwareDeveloper,Housewife
2017,VII,B,Avigna,13,11,23,27,26,57,11,25,51,14,30,74,30,30,70,4,36,60,4,Nursing,B.Pharmacy,nurse,Housewife
2017,VII,B,Archana,8,68,92,19,36,39,17,7,75,34,25,81,12,54,92,15,40,41,11,B.Pharmacy,B.TECH,Bussiness,Housewife
2017,VII,B,Priya,38,75,89,19,18,91,27,17,35,17,27,93,37,46,80,28,77,11,6,B.E,B.TECH,Bussiness,Housewife
2017,VII,B,Darshak,21,65,63,25,66,88,16,25,78,10,13,12,17,60,81,20,30,79,5,SSC,B.TECH,Peon,Housewife
2017,VII,B,Uday,23,76,87,16,27,28,22,27,98,28,21,49,32,11,21,22,27,14,12,LLB,B.TECH,Lawyer,Housewife
2017,VIII,A,Susheela,16,66,78,14,39,75,18,28,92,31,3,68,16,48,20,19,69,31,9,M.Sc,B.Sc,Professor,Housewife
2017,VIII,A,Sukanya,36,30,19,27,32,13,23,37,46,38,54,65,27,37,36,27,30,60,13,M.Sc,B.Sc,Professor,Housewife
2017,VIII,A,Sumanth,11,22,74,31,36,65,13,10,27,16,38,18,20,34,51,20,23,14,13,LLB,B.Sc,Lawyer,Housewife
2017,VIII,A,Sushanth,24,12,24,21,20,33,8,27,22,29,23,17,31,23,51,22,15,54,7,B.TECH,B.A,Engineer,Engineer
2017,VIII,A,Yashwanth,38,26,63,35,4,53,9,8,35,22,34,27,29,24,4,27,50,17,7,Diploma,B.Sc,Engineer,Engineer
2017,VIII,A,Amaravathi,19,66,25,13,70,58,29,14,71,32,2,40,13,51,35,33,77,79,10,B.TECH,B.TECH,SoftwareDeveloper,Engineer
2017,VIII,A,Radha,16,29,88,27,8,8,10,16,75,16,32,43,33,42,89,12,40,80,13,B.E,B.TECH,Teacher,Engineer
2017,VIII,A,Raja,31,28,9,9,15,25,28,17,87,6,18,13,31,36,88,30,62,85,10,CA,B.TECH,Accountant,accountant
2017,VIII,A,Rukmini,24,46,64,24,57,8,27,32,69,32,55,60,24,23,38,9,75,96,6,B.A,B.TECH,Bussiness,accountant
2017,VIII,A,Jaya,20,53,9,26,23,22,17,13,29,33,14,58,26,15,88,10,78,54,6,B.TECH,B.TECH,SoftwareDeveloper,Engineer
2017,VIII,B,Kittu,16,29,42,33,59,67,16,12,50,26,56,23,8,41,75,6,20,23,10,LLB,B.TECH,Lawyer,Lawyer
2017,VIII,B,Pollard,23,53,86,31,47,67,32,13,43,16,12,80,24,9,85,17,78,96,10,B.TECH,B.TECH,Engineer,Engineer
2017,VIII,B,Sammy,10,30,54,16,62,37,8,35,78,35,37,74,21,9,83,33,54,10,9,B.E,B.TECH,Teacher,Engineer
2017,VIII,B,Narine,26,69,55,36,46,70,10,16,41,28,62,47,8,58,22,14,58,18,12,B.TECH,B.TECH,SoftwareDeveloper,Engineer
2017,VIII,B,Neesham,36,35,28,38,9,24,27,34,88,18,40,51,33,25,39,27,73,27,2,M.TECH,B.TECH,Professor,Engineer
2017,VIII,B,Balu,22,11,59,17,51,46,38,30,94,35,45,10,35,60,81,13,42,31,11,B.TECH,B.TECH,SoftwareDeveloper,Engineer
2017,VIII,B,Baba,9,52,50,29,28,20,23,10,46,38,21,39,25,31,60,20,15,61,11,B.Sc,B.Sc,Bussiness,Teacher
2017,VIII,B,Chinnu,26,41,25,29,39,39,13,36,65,14,60,67,19,28,88,30,18,95,6,M.Sc,M.Sc,lecturer,Teacher
2017,VIII,B,Chithra,13,20,83,27,5,21,18,34,64,38,55,65,12,61,6,21,26,78,14,B.Com,B.Com,SoftwareDeveloper,Teacher
2017,VIII,B,Chintu,11,9,73,28,24,86,23,36,62,19,56,26,14,65,52,3,38,47,11,M.TECH,M.TECH,Professor,Teacher
2017,IX,A,Rani,14,50,82,22,50,35,19,34,76,32,54,45,14,25,37,26,70,25,11,B.TECH,M.Sc,Engineer,Housewife
2017,IX,A,Eshwar,17,77,99,36,57,30,24,30,51,34,52,39,8,39,47,8,63,9,10,B.Sc,M.Com,SoftwareDeveloper,Housewife
2017,IX,A,Eshwari,23,43,37,24,43,20,13,25,85,18,24,74,32,37,46,14,37,70,7,B.TECH,B.ED,lecturer,Housewife
2017,IX,A,Vardhan,34,33,33,30,66,42,12,28,98,16,70,54,14,52,77,13,66,60,2,B.TECH,B.ED,SoftwareDeveloper,Housewife
2017,IX,A,Shashi,35,73,35,32,51,99,36,32,94,37,40,83,8,45,26,28,28,90,13,M.Sc,B.ED,lecturer,Housewife
2017,IX,A,Loki,8,74,16,22,46,41,38,16,24,20,72,31,37,20,68,27,40,99,12,B.Sc,B.ED,Teacher,Teacher
2017,IX,A,Padma,16,78,85,19,9,9,26,13,47,33,61,88,29,42,5,14,65,14,10,B.E,B.ED,Teacher,Teacher
2017,IX,A,Naresh,15,20,79,26,23,8,23,26,32,8,26,37,9,16,90,31,73,55,8,CA,B.ED,Accountant,Teacher
2017,IX,A,Sravan,12,69,14,32,58,20,39,23,26,17,52,98,34,46,23,21,78,24,3,LLB,B.ED,Lawyer,Teacher
2017,IX,A,Balraj,16,15,23,15,40,35,18,26,91,36,5,71,12,26,33,26,9,96,12,B.TECH,B.ED,Engineer,Housewife
2017,IX,B,Bhanu,12,41,32,25,69,23,29,20,36,15,52,18,12,37,57,5,31,75,12,M.TECH,B.ED,Professor,Housewife
2017,IX,B,Mamatha,27,63,73,13,17,94,18,34,82,9,19,40,26,60,58,13,11,60,4,B.TECH,B.ED,SoftwareDeveloper,Housewife
2017,IX,B,kalyani,11,12,15,13,55,78,14,14,71,27,15,58,37,9,69,14,36,67,2,B.TECH,B.ED,SoftwareDeveloper,Housewife
2017,IX,B,Kranthi,35,62,70,13,46,11,36,13,55,25,51,64,29,62,91,29,18,53,11,B.TECH,B.ED,SoftwareDeveloper,Housewife
2017,IX,B,Nayanathara,11,59,86,38,71,10,32,31,38,34,31,16,39,14,8,5,27,53,8,B.TECH,B.ED,Professor,Housewife
2017,IX,B,Chandu,18,24,53,13,10,58,24,28,87,21,46,95,17,58,23,16,26,18,9,B.TECH,B.ED,lecturer,Housewife
2017,IX,B,Mohana,22,27,75,8,33,80,33,27,66,27,41,8,10,31,30,24,62,31,14,B.TECH,B.ED,lecturer,Housewife
2017,IX,B,Yashaswini,23,53,34,31,30,98,32,11,53,21,35,15,35,53,5,26,71,93,2,B.TECH,B.ED,Professor,Housewife
2017,IX,B,Arjun,12,54,54,13,41,52,8,21,84,10,1,25,20,25,54,27,69,59,5,B.TECH,B.ED,Teacher,Teacher
2017,IX,B,Abay,25,45,98,24,66,15,31,20,66,7,31,10,38,26,42,34,63,80,12,B.TECH,B.ED,Teacher,Teacher
2017,X,A,Nithya,32,10,24,14,41,38,34,27,96,7,48,31,8,24,7,6,77,48,12,B.TECH,B.ED,SoftwareDeveloper,Teacher
2017,X,A,Nivas,19,78,67,32,27,51,30,38,68,39,2,26,38,8,57,19,35,88,12,B.TECH,B.ED,SoftwareDeveloper,Teacher
2017,X,A,Nidhi,15,50,15,25,42,27,30,37,43,11,31,30,19,50,50,33,54,25,7,B.TECH,D.ED,SoftwareDeveloper,Teacher
2017,X,A,Rohan,12,30,99,8,65,69,24,10,75,7,55,35,13,54,82,31,11,51,12,M.Sc,D.ED,lecturer,Teacher
2017,X,A,Radhika,8,46,20,13,28,20,29,22,39,16,41,92,9,13,77,22,56,37,11,B.Sc,D.ED,Teacher,Teacher
2017,X,A,Bharath,14,22,38,14,36,70,9,18,41,8,7,42,16,65,85,22,20,24,5,B.Com,D.ED,Bussiness,Teacher
2017,X,A,Koti,38,12,64,9,35,45,17,11,85,35,38,40,22,32,50,10,17,14,9,B.Com,D.ED,Bussiness,Teacher
2017,X,A,Beeshma,33,69,11,34,40,37,21,9,84,31,8,60,34,37,79,33,62,62,5,B.Com,D.ED,Teacher,Teacher
2017,X,A,Shyamala,32,76,84,28,15,40,10,29,34,37,35,45,33,55,59,20,53,95,7,B.Com,D.ED,Professor,Teacher
2017,X,A,Deeksha,39,36,34,27,62,57,39,19,90,14,46,25,32,16,35,16,75,72,4,B.Com,D.ED,SoftwareDeveloper,Teacher
2017,X,B,Raji,14,37,47,11,44,65,29,12,98,23,62,78,17,18,9,20,25,21,3,B.A,D.ED,Bussiness,Teacher
2017,X,B,Ragini,38,47,30,11,38,92,38,16,78,32,13,99,19,32,76,7,46,94,10,B.Sc,D.ED,Bussiness,Teacher
2017,X,B,Raja,8,39,35,11,9,61,35,35,47,10,66,11,39,26,73,15,55,38,11,MBA,D.ED,Bussiness,Teacher
2017,X,B,Vara,17,20,11,14,34,13,39,28,97,33,34,63,36,44,85,24,43,61,12,M.TECH,D.ED,Engineer,Teacher
2017,X,B,Mittu,10,61,91,30,46,79,17,25,94,13,72,45,18,8,70,16,75,83,5,B.Sc,D.ED,Computer Operator,Housewife
2017,X,B,Nishanth,37,73,65,28,44,28,10,36,68,33,71,18,18,11,93,4,33,27,5,LLB,D.ED,Lawyer,Housewife
2017,X,B,Nagalakshmi,24,10,77,31,64,74,11,5,91,9,12,29,36,12,27,29,57,21,5,CA,D.ED,Accountant,Housewife
2017,X,B,Nobhitha,24,39,45,38,43,44,11,18,35,7,43,9,8,47,75,10,35,88,7,MBA,D.ED,Bussiness,Housewife
2017,X,B,Aish,37,47,40,25,49,42,15,28,87,7,15,60,27,33,12,17,64,36,6,M.TECH,D.ED,SoftwareDeveloper,Housewife
2017,X,B,Aashi,29,24,11,36,58,85,18,28,81,27,38,81,18,9,20,17,46,40,9,B.TECH,D.ED,Computer Operator,Housewife
2018,VI,A,Jash,27,12,22,33,56,22,39,28,48,7,59,62,10,49,32,4,80,25,6,B.A,D.ED,Agriculture,Housewife
2018,VI,A,Aasha,36,70,82,31,35,60,8,36,93,28,13,45,22,29,54,9,11,9,9,CA,D.ED,Accountant,Housewife
2018,VI,A,Ayush,22,28,21,10,40,74,39,8,21,33,45,99,30,20,34,7,41,21,6,B.E,D.ED,MRO,Housewife
2018,VI,A,Aashish,9,52,42,26,3,13,21,6,32,13,11,43,24,38,31,30,66,42,4,SSC,D.ED,Agriculture,Housewife
2018,VI,A,Sathigna,29,15,88,22,3,34,33,38,55,7,65,85,28,50,32,22,43,13,8,SSC,D.ED,Agriculture,Housewife
2018,VI,A,Rasagna,10,41,58,16,57,25,16,31,45,27,56,64,23,45,11,11,56,52,3,M.TECH,D.ED,Professor,Housewife
2018,VI,A,Upagna,10,49,56,35,37,91,39,6,31,12,6,38,28,40,36,21,78,70,12,B.TECH,D.ED,Engineer,Housewife
2018,VI,A,Mokshagna,28,30,62,17,45,68,33,21,22,7,36,41,29,31,55,5,11,21,2,B.TECH,D.ED,Engineer,Housewife
2018,VI,A,Mokshith,19,74,69,11,70,63,19,35,22,16,54,96,39,29,59,28,19,90,12,M.TECH,B.ED,Engineer,Housewife
2018,VI,A,Rajkumar,26,24,9,22,22,12,32,39,31,17,1,22,25,11,38,3,18,9,10,B.TECH,B.TECH,Engineer,Engineer
2018,VI,B,Pooran,15,34,28,14,30,16,26,15,49,28,6,71,26,39,82,20,12,11,11,B.A,B.TECH,Accountant,Engineer
2018,VI,B,Saida,24,73,48,18,6,35,30,39,35,25,38,47,8,61,32,22,75,20,7,B.Com,B.Sc,Computer Operator,Housewife
2018,VI,B,Shalini,19,19,32,24,14,11,38,32,97,20,35,47,30,32,21,22,69,38,11,B.Sc,B.Com,VRO,Housewife
2018,VI,B,Prasheela,33,75,15,16,25,37,19,28,27,21,10,19,28,40,53,34,52,85,3,M.Sc,B.Com,Professor,Housewife
2018,VI,B,Pavani,9,36,31,18,5,91,33,26,42,27,2,9,29,63,45,28,75,74,8,B.Sc,B.Com,Teacher,Housewife
2018,VI,B,Manasa,9,29,81,13,44,91,25,13,59,10,43,17,21,17,88,3,34,23,3,M.Sc,PH.D,lecturer,Scientist
2018,VI,B,Bindu,14,33,84,24,9,54,24,26,57,35,39,15,21,62,39,7,78,82,13,SSC,SSC,Agriculture,Agriculture
2018,VI,B,Lukky,13,42,21,35,48,46,33,11,20,18,38,39,38,21,93,28,25,73,13,SSC,SSC,Agriculture,Teacher
2018,VI,B,Hema,22,40,26,29,38,79,28,16,76,38,5,57,30,16,46,14,38,93,12,Diploma,B.E,Engineer,Housewife
2018,VI,B,Navin,21,79,89,34,30,12,26,27,20,26,64,52,27,52,31,13,56,86,10,B.TECH,B.E,SoftwareDeveloper,Housewife
2018,VII,A,Komali,8,37,47,15,57,9,22,38,48,31,35,8,10,58,60,20,44,88,6,M.TECH,B.E,Professor,Housewife
2018,VII,A,Ligesh,32,55,29,16,47,50,38,13,94,8,50,8,38,53,66,31,57,8,5,Diploma,B.Sc,SoftwareDeveloper,Housewife
2018,VII,A,Suhan,10,77,79,11,13,62,29,16,60,28,24,14,16,51,73,20,45,27,7,M.TECH,B.Sc,lecturer,Teacher
2018,VII,A,Suhasini,10,36,98,20,26,55,29,12,32,28,63,28,37,58,72,31,36,58,9,B.TECH,D.ED,DL,Teacher
2018,VII,A,Sudhakar,28,27,26,18,73,66,14,24,28,39,56,34,18,24,77,14,55,22,4,BHM,D.ED,cheff,Teacher
2018,VII,A,Vinith,39,19,31,30,21,9,23,30,82,18,70,25,8,34,20,31,32,84,9,BMM,B.ED,Bussiness,Housewife
2018,VII,A,Santhu,22,47,56,34,55,75,33,28,25,35,11,75,34,13,73,10,58,91,12,SSC,B.TECH,Agriculture,Housewife
2018,VII,A,Veeran,17,46,33,9,29,84,38,19,59,33,65,9,17,54,74,21,48,94,8,B.TECH,B.TECH,Professor,Housewife
2018,VII,A,Jeevan,39,9,31,28,67,26,39,36,75,35,25,88,26,21,82,8,75,54,11,LLB,B.Sc,Lawyer,Housewife
2018,VII,A,Revanth,10,12,47,33,15,18,33,18,45,26,14,35,23,27,20,5,46,51,10,M.A,B.Com,SoftwareDeveloper,Housewife
2018,VII,B,Saketh,9,51,24,12,7,27,33,5,28,19,18,57,18,64,64,32,34,96,12,M.Sc,B.Com,SoftwareDeveloper,Teacher
2018,VII,B,Apurva,17,61,36,21,4,14,26,24,24,27,43,16,24,61,47,6,58,62,12,B.TECH,B.Com,Engineer,Teacher
2018,VII,B,masthan,36,40,84,24,50,32,38,30,89,23,61,26,31,38,76,7,44,96,7,M.TECH,PH.D,Professor,Teacher
2018,VII,B,Venkatesh,9,55,21,33,37,70,23,6,57,8,6,89,31,45,17,10,38,45,5,BBA,SSC,Bussiness,Teacher
2018,VII,B,Vedanth,16,35,60,30,3,65,31,28,73,22,38,76,32,62,48,20,68,27,13,BMS,D.ED,Bussiness,Teacher
2018,VII,B,Mithun,24,55,23,35,66,65,38,38,47,39,59,92,26,23,92,12,52,75,8,BHM,D.ED,Bussiness,Teacher
2018,VII,B,Guru,17,71,91,35,74,86,31,13,63,6,9,85,39,34,28,25,34,8,4,BMM,B.ED,Bussiness,Teacher
2018,VII,B,Govind,32,74,13,25,62,18,10,31,59,16,45,89,9,15,35,8,49,98,2,BMS,B.TECH,Bussiness,Engineer
2018,VII,B,Charmi,32,37,80,23,41,83,20,22,60,37,47,85,8,14,64,30,28,55,14,LLB,B.TECH,Bussiness,Engineer
2018,VII,B,Chouhan,33,37,64,26,46,98,8,17,40,28,61,89,19,16,71,29,47,17,4,SSC,B.Sc,Agriculture,Teacher
2018,VIII,A,Chahal,16,35,20,29,11,71,24,35,90,19,69,94,23,48,6,7,12,41,13,M.Sc,B.Com,Teacher,Teacher
2018,VIII,A,Choudary,39,36,78,22,60,73,37,17,52,38,68,55,38,60,18,13,24,62,10,BMM,B.Com,Bussiness,Teacher
2018,VIII,A,Chanukya,18,36,67,9,26,87,27,8,81,19,62,74,24,54,23,19,38,75,5,BHM,B.Com,Bussiness,accountant
2018,VIII,A,Shashivardhan,22,65,87,8,17,77,34,10,37,21,35,37,25,32,14,30,65,71,12,SSC,PH.D,Bussiness,Scientist
2018,VIII,A,Anil,38,12,23,38,57,64,30,22,83,10,51,35,29,59,7,26,55,44,6,M.TECH,SSC,Engineer,Teacher
2018,VIII,A,Avanthika,37,19,78,28,40,75,29,24,98,23,64,86,36,14,60,14,71,81,8,B.TECH,B.Com,Engineer,accountant
2018,VIII,A,Anushka,27,57,57,15,18,10,27,30,41,36,13,91,32,48,46,8,31,38,5,SSC,B.Sc,Agriculture,Teacher
2018,VIII,A,Akansha,37,20,27,12,29,73,22,20,52,12,10,36,39,62,54,25,70,11,9,BMM,BHM,Bussiness,Bussiness
2018,VIII,A,Vani,36,60,95,12,52,21,23,24,47,36,54,61,32,67,39,4,80,26,4,BHM,BDS,Bussiness,Dentist
2018,VIII,A,Shobha,28,19,68,38,46,57,36,27,53,29,18,93,28,59,10,26,74,52,3,B.Sc,BDS,Bussiness,Dentist
2018,VIII,B,Savithri,21,45,52,38,61,18,18,23,93,15,28,40,13,28,7,20,46,10,11,BMM,BDS,Teacher,Dentist
2018,VIII,B,Sabhitha,11,63,97,11,61,42,31,22,74,23,32,77,13,40,85,9,41,24,8,Diploma,BDS,Bussiness,Dentist
2018,VIII,B,Aruna,21,63,62,17,71,20,18,26,42,10,55,91,33,8,18,29,10,38,4,B.TECH,BDS,Engineer,Housewife
2018,VIII,B,Harish,16,51,48,20,22,68,23,13,48,36,57,97,29,33,5,3,11,14,6,M.Sc,BDS,SoftwareDeveloper,Housewife
2018,VIII,B,Harini,18,46,65,34,48,98,9,6,76,9,7,67,28,21,28,23,58,21,8,M.TECH,BDS,SoftwareDeveloper,Dentist
2018,VIII,B,Sushanthi,37,55,90,36,53,76,13,9,20,37,8,14,28,49,9,9,13,62,2,SSC,BDS,Agriculture,Housewife
2018,VIII,B,Karuna,35,74,65,37,46,25,23,25,74,36,53,49,20,25,16,26,76,85,9,LLB,BDS,Lawyer,Housewife
2018,VIII,B,Sharath,19,27,90,14,29,53,15,20,90,25,30,94,29,17,13,17,16,84,4,B.TECH,BDS,Engineer,Housewife
2018,VIII,B,Daiva,11,20,17,31,64,18,24,18,81,10,44,8,22,27,78,19,50,72,8,SSC,BDS,Agriculture,Housewife
2018,VIII,B,Raghu,25,60,63,30,20,11,25,25,54,24,62,90,22,15,15,27,30,71,3,BMM,BDS,Bussiness,Housewife
2018,IX,A,Beema,33,43,74,21,14,98,14,30,79,23,44,99,38,47,83,29,57,15,9,BHM,BDS,Bussiness,Housewife
2018,IX,A,Karunya,10,8,33,8,51,17,19,31,31,20,72,90,33,8,40,10,45,18,14,B.Sc,BDS,Teacher,Housewife
2018,IX,A,Muskaan,13,38,83,18,45,26,21,29,48,6,27,96,34,53,69,10,15,22,14,BHM,BDS,Bussiness,Housewife
2018,IX,A,Mithali,24,33,84,28,54,83,35,38,24,32,19,9,14,34,56,26,53,48,11,SSC,BDS,Agriculture,Housewife
2018,IX,A,Harmanpreeth,20,23,69,11,25,17,29,8,35,8,37,87,15,24,20,27,52,26,13,B.E,BDS,Engineer,Dentist
2018,IX,A,Shruthi,11,67,65,31,56,97,32,29,51,31,41,29,27,66,42,22,11,86,3,B.A,MBBS,Agriculture,Docter
2018,IX,A,Mandana,26,32,87,35,44,28,37,33,67,17,4,70,28,30,52,3,42,13,12,M.TECH,MBBS,Accountant,Docter
2018,IX,A,Madhuri,27,36,44,28,72,42,25,34,65,17,5,84,29,63,16,14,22,78,13,B.TECH,MBBS,Engineer,Docter
2018,IX,A,Keshav,12,61,58,32,53,73,20,39,26,19,56,71,14,44,18,11,35,90,2,BHM,MBBS,Clerk,Docter
2018,IX,A,Kiran,21,70,80,11,52,98,25,20,21,24,2,56,12,34,54,17,68,72,8,BMM,MBBS,Bussiness,Docter
2018,IX,B,Lakshmi,33,9,83,30,68,17,23,30,52,34,69,17,12,13,18,27,61,62,3,B.Pharmacy,MBBS,Pharmacist,Docter
2018,IX,B,Laya,27,38,88,16,70,94,17,20,56,35,58,59,35,55,30,25,40,32,8,LLB,B.Sc,Lawyer,Teacher
2018,IX,B,Laila,33,8,99,13,27,19,18,27,65,18,17,71,22,13,78,33,73,44,9,SSC,B.Sc,Agriculture,Teacher
2018,IX,B,Ashwini,20,70,21,9,64,71,34,5,30,29,69,97,26,41,52,6,73,13,2,B.Sc,LLB,Teacher,Lawyer
2018,IX,B,Ashwin,8,20,17,37,39,29,9,16,74,10,34,86,39,26,15,21,65,61,14,M.Sc,MBBS,Teacher,Docter
2018,IX,B,Kishore,30,57,21,33,4,28,23,7,35,39,5,51,27,55,39,31,13,51,12,SSC,MBBS,Agriculture,Docter
2018,IX,B,Rohini,37,16,48,10,49,46,29,22,95,27,11,63,15,45,6,22,71,88,6,B.TECH,MBBS,Engineer,Docter
2018,IX,B,Rohith,9,49,35,12,34,44,35,28,40,20,25,81,13,40,83,18,53,76,14,M.TECH,MBBS,Engineer,Docter
2018,IX,B,Ali,13,34,29,34,4,25,28,31,20,30,19,77,26,28,44,32,71,92,14,LLB,B.Sc,Lawyer,Teacher
2018,IX,B,Hasini,8,12,45,13,51,13,31,8,55,32,64,48,17,42,51,32,31,75,14,B.A,B.TECH,Engineer,Teacher
2018,X,A,Hansika,13,62,71,21,74,29,31,32,62,24,40,48,12,28,38,6,22,27,11,CA,B.TECH,Accountant,Teacher
2018,X,A,Sukender,19,29,9,24,39,42,11,18,32,23,35,43,19,24,78,14,58,24,13,Diploma,B.TECH,Engineer,Housewife
2018,X,A,Sruthi,24,43,97,19,24,77,20,27,45,38,33,38,21,8,48,17,51,42,11,B.TECH,B.Sc,Engineer,Housewife
2018,X,A,Amar,26,35,45,18,42,64,20,38,64,39,16,11,16,38,41,24,31,25,8,M.TECH,B.Sc,Engineer,Engineer
2018,X,A,Jythi,19,73,78,24,42,52,13,34,93,23,67,62,38,31,42,17,72,81,4,MCA,B.Com,Engineer,Engineer
2018,X,A,Manju,32,45,55,8,63,58,28,30,21,37,62,86,28,28,36,6,32,15,14,BHM,B.Com,Bussiness,Bussiness
2018,X,A,Rajini,30,45,26,32,39,29,21,25,69,28,71,91,19,32,60,14,44,89,11,BMM,B.Com,Bussiness,Bussiness
2018,X,A,Narsing,22,56,65,14,16,64,38,31,73,39,55,61,14,46,10,16,34,45,13,SSC,B.Com,Bussiness,Bussiness
2018,X,A,Lokesh,35,25,59,18,21,26,23,10,39,26,63,20,18,64,30,28,50,43,5,Diploma,B.Com,Bussiness,Bussiness
2018,X,A,Viaya,38,52,49,31,54,69,16,14,40,39,45,93,16,24,38,9,46,27,4,B.TECH,B.TECH,Bussiness,Engineer
2018,X,B,Bhavya,13,49,22,13,72,55,33,23,44,25,35,96,8,44,4,33,71,12,9,M.TECH,B.Sc,Bussiness,Teacher
2018,X,B,Seetha,14,73,47,31,17,91,33,18,58,6,50,69,29,24,71,17,31,97,6,M.Sc,B.Sc,Bussiness,Teacher
2018,X,B,Kavyasri,8,64,51,21,29,43,19,32,82,37,44,77,36,43,8,7,39,23,10,Ph.D,CA,Bussiness,Housewife
2018,X,B,Ramya,21,72,67,26,11,77,13,26,75,12,2,32,18,35,32,8,48,29,4,M.Pharmacy,CA,Bussiness,Housewife
2018,X,B,Rama,24,13,91,23,41,39,19,24,93,35,13,65,35,36,6,18,56,68,11,B.A,B.Sc,Bussiness,Bussiness
2018,X,B,Faima,16,77,10,38,10,53,37,13,55,14,1,16,22,50,55,31,37,90,9,M.A,B.Sc,DL,Housewife
2018,X,B,Dimple,36,58,75,13,29,62,16,22,98,7,20,75,19,55,69,11,48,89,14,BMM,B.Sc,Bussiness,Housewife
2018,X,B,Chaithanya,18,75,46,25,43,67,31,7,92,12,34,18,33,59,82,31,53,60,13,BHM,B.Sc,Bussiness,Housewife
2018,X,B,Chethan,23,51,8,22,73,63,26,8,28,26,64,44,18,65,20,22,75,69,2,SSC,B.TECH,Soldier,Housewife
2018,X,B,Charan,27,8,95,26,74,87,32,6,88,37,22,38,39,37,67,5,31,53,11,Diploma,B.TECH,Engineer,Housewife
2019,VI,A,Karan,14,33,30,12,49,97,16,16,45,38,46,21,10,62,92,14,13,93,11,M.PHIL,B.Sc,Bussiness,Teacher
2019,VI,A,Chandana,22,8,23,20,52,45,32,12,43,15,26,81,9,63,54,9,56,60,4,B.Sc,B.TECH,JL,Teacher
2019,VI,A,Prabhakar,25,63,38,10,25,24,24,25,79,32,38,93,35,62,62,34,43,23,7,M.TECH,B.TECH,Bussiness,Teacher
2019,VI,A,Anusha,32,24,32,17,37,36,21,12,56,37,43,74,31,65,64,15,62,81,13,B.Com,B.TECH,Bussiness,Teacher
2019,VI,A,Pridvi,12,20,79,36,6,9,19,21,25,6,49,62,35,54,70,13,42,96,7,B.Sc,M.Sc,Bussiness,JL
2019,VI,A,Honey,22,72,71,8,40,22,34,29,23,11,37,73,29,44,48,10,80,35,14,B.A,MBBS,Bussiness,JL
2019,VI,A,Nagasri,13,46,35,33,52,54,14,15,44,30,50,77,21,14,73,31,38,80,13,M.A,MBBS,Police,JL
2019,VI,A,Murali,27,12,98,13,10,32,30,31,89,28,61,99,11,45,18,4,79,78,10,B.Sc,MBBS,Police,Housewife
2019,VI,A,Suresh,10,64,23,31,71,63,20,11,90,31,58,69,23,14,65,23,73,23,13,B.Sc,MBBS,Police,Housewife
2019,VI,A,Supraja,36,10,77,27,48,70,18,39,78,25,54,13,12,22,35,18,47,23,14,B.Sc,B.Sc,Police,Housewife
2019,VI,B,Sushmitha,19,39,28,10,33,31,23,19,20,34,47,75,32,50,54,25,37,96,2,B.Sc,B.Sc,Police,Housewife
2019,VI,B,Nirmala,8,53,43,10,25,83,35,25,32,28,20,68,20,35,35,6,66,97,5,B.Sc,B.Com,Police,Housewife
2019,VI,B,Paramesh,39,24,34,26,18,54,36,20,67,14,20,86,26,66,57,6,49,99,3,B.Sc,B.Com,Teacher,Teacher
2019,VI,B,Samyuktha,24,71,30,10,12,68,33,19,30,28,45,72,9,25,90,18,36,46,4,B.Sc,B.Sc,Teacher,Teacher
2019,VI,B,Vijitha,31,9,49,13,35,96,20,33,37,13,42,13,33,28,55,5,54,87,11,B.Sc,B.Sc,Clerk,Teacher
2019,VI,B,Akshaya,9,33,49,17,39,22,13,18,75,31,68,19,9,44,69,13,42,63,4,B.Sc,B.Sc,Clerk,Teacher
2019,VI,B,Haritha,28,36,28,27,7,8,20,11,73,24,49,17,29,44,40,12,50,26,6,B.Com,B.Com,Bussiness,Teacher
2019,VI,B,Bintu,39,52,87,37,19,66,12,14,27,12,40,64,14,22,71,33,59,48,12,B.A,MBBS,Bussiness,Teacher
2019,VI,B,Bindu,15,48,60,26,3,75,37,17,71,10,61,38,34,12,15,4,28,42,6,LLB,MBBS,Lawyer,Lawyer
2019,VI,B,Revanth,28,52,38,11,74,29,14,15,98,15,70,99,13,64,50,33,23,50,2,Intermediate,SSC,Bussiness,Teacher
2019,VII,A,Revathi,34,13,58,10,48,27,31,14,82,23,48,19,13,43,22,33,24,59,9,Intermediate,SSC,Police,Teacher
2019,VII,A,Harathi,33,68,10,33,4,89,27,20,32,30,67,80,13,38,48,5,24,36,10,Intermediate,SSC,Police,Teacher
2019,VII,A,Kruthika,33,17,22,36,61,91,31,17,45,9,72,81,14,17,10,29,38,62,13,Intermediate,SSC,Police,Teacher
2019,VII,A,Pooja,17,8,29,17,63,96,26,29,43,15,42,83,21,48,58,4,51,61,2,Intermediate,SSC,Police,Housewife
2019,VII,A,Pavani,37,58,95,16,73,79,8,30,35,27,49,61,26,33,88,9,52,34,6,Intermediate,SSC,Police,Housewife
2019,VII,A,Haindhavi,26,49,94,14,53,67,34,14,82,30,39,45,8,62,19,5,26,35,2,Intermediate,SSC,Police,Housewife
2019,VII,A,Kamala,17,9,82,32,70,43,26,9,59,11,23,77,20,64,55,10,17,53,13,Intermediate,SSC,Police,Housewife
2019,VII,A,Santhosha,34,22,78,36,58,87,20,18,79,10,26,55,8,35,12,33,35,32,14,Intermediate,SSC,Police,Housewife
2019,VII,A,Divya,13,71,65,8,56,99,37,6,66,28,51,49,20,37,57,20,51,78,7,SSC,SSC,Police,Housewife
2019,VII,A,Sridevi,19,74,56,31,49,82,19,23,85,23,46,80,18,24,10,29,22,39,14,SSC,SSC,Police,Housewife
2019,VII,B,Sreevishnu,37,71,9,37,38,21,13,39,48,13,25,43,32,10,74,21,47,27,8,Intermediate,SSC,Police,Housewife
2019,VII,B,Sreevani,9,9,51,9,47,24,8,26,42,11,42,49,39,36,17,23,33,61,2,B.TECH,B.TECH,Police,Engineer
2019,VII,B,Seenivas,25,64,31,30,4,55,33,16,99,17,55,32,28,47,7,14,67,41,10,B.TECH,B.TECH,Police,Engineer
2019,VII,B,Sreedhar,22,64,86,37,50,89,39,33,51,31,69,20,17,27,3,8,40,24,2,B.Com,B.Com,Police,Engineer
2019,VII,B,Sreekhar,18,21,44,37,59,92,25,18,98,21,3,36,33,67,36,20,34,65,6,B.Sc,B.Sc,Police,Housewife
2019,VII,B,Shekhar,20,60,36,16,48,25,34,16,78,14,11,28,22,29,84,33,56,74,3,B.A,B.A,Police,Housewife
2019,VII,B,Savanthi,23,40,94,37,13,91,26,15,29,26,41,63,37,56,29,22,32,39,9,LLB,LLB,Lawyer,Lawyer
2019,VII,B,Chemanthi,34,60,76,26,22,11,10,10,70,33,4,77,17,65,45,26,76,80,13,B.Sc,B.Sc,Politician,Housewife
2019,VII,B,Poojitha,32,35,33,16,57,61,25,36,84,10,63,20,26,62,28,7,58,87,7,M.Sc,M.Sc,Police,Housewife
2019,VII,B,Seema,31,65,11,26,22,43,9,30,99,29,47,89,28,54,70,8,10,44,9,M.Com,M.Com,Postman,Housewife
2019,VIII,A,Huthika,27,58,84,18,74,96,28,9,87,13,63,94,19,46,90,19,9,79,14,MBA,MBA,BankManager,Housewife
2019,VIII,A,Hasan,16,32,34,17,35,44,19,32,79,27,5,30,8,12,13,24,45,14,14,MCA,MCA,Engineer,Bussiness
2019,VIII,A,Hemasri,16,33,87,31,47,74,27,38,44,32,33,64,20,49,5,10,34,40,14,MBA,MBA,Bussiness,Bussiness
2019,VIII,A,Siri,18,49,63,24,48,80,25,6,76,23,29,38,17,22,39,8,20,90,12,MCA,SSC,Bussiness,Bussiness
2019,VIII,A,Sravani,25,64,49,29,38,8,37,27,86,33,9,71,19,62,43,25,43,65,7,M.TECH,B.A,Engineer,Engineer
2019,VIII,A,vinuthna,8,56,87,28,6,88,18,26,83,26,55,74,37,66,78,18,36,56,7,MBA,M.A,Bussiness,Bussiness
2019,VIII,A,Indu,21,56,85,28,73,56,12,14,54,6,28,54,28,52,46,11,51,91,13,B.A,BMM,Teacher,Bussiness
2019,VIII,A,Narayana,25,17,53,13,24,76,28,21,35,8,1,67,20,57,69,34,15,13,10,M.A,BHM,Teacher,Engineer
2019,VIII,A,mrudula,25,51,32,24,10,48,37,35,77,16,46,61,37,38,62,8,45,87,9,BMM,SSC,Bussiness,Housewife
2019,VIII,A,Kamalasri,28,54,48,38,21,93,13,19,20,7,37,56,37,63,52,15,74,99,11,BHM,Diploma,Bussiness,Housewife
2019,VIII,B,Hymavathi,30,42,99,14,45,16,21,7,54,8,52,49,17,13,59,27,74,21,8,SSC,M.PHIL,Bussiness,Bussiness
2019,VIII,B,Priyanka,16,27,80,28,3,29,31,18,25,38,44,24,35,47,35,14,36,96,7,Diploma,B.Sc,Engineer,Teacher
2019,VIII,B,Ramasri,32,14,9,25,65,28,12,16,60,23,12,84,11,48,42,6,10,30,2,M.PHIL,M.TECH,Bussiness,Teacher
2019,VIII,B,bhuvan,8,49,26,34,70,29,38,26,64,33,11,66,23,12,81,11,17,20,13,B.Sc,B.Com,Bussiness,accountant
2019,VIII,B,Balaji,21,35,59,26,65,39,18,33,27,30,56,17,21,11,59,30,58,73,4,M.TECH,B.Sc,Bussiness,accountant
2019,VIII,B,Balram,16,41,82,16,71,75,30,18,81,10,16,58,26,53,50,5,27,89,11,B.Com,B.A,Accountant,accountant
2019,VIII,B,Badrinath,13,56,27,16,45,56,23,34,90,9,71,78,23,64,68,32,41,76,11,B.Sc,M.A,Accountant,Teacher
2019,VIII,B,Budda,13,21,88,37,63,24,38,15,69,31,47,59,17,62,82,8,26,52,7,B.A,B.Sc,Teacher,Housewife
2019,VIII,B,Bhairav,37,8,12,23,58,62,13,27,97,32,38,41,28,26,70,24,70,14,6,B.A,B.Sc,Teacher,Housewife
2019,VIII,B,Bhushan,9,68,37,37,59,19,9,36,83,24,23,39,20,49,65,3,68,41,11,B.Sc,B.Sc,Teacher,Housewife
2019,IX,A,Bharath,37,15,47,36,34,32,12,23,94,17,6,66,11,11,22,22,14,20,13,B.Sc,B.Sc,Teacher,Housewife
2019,IX,A,Daksheth,18,44,87,33,3,82,28,28,48,9,58,57,21,36,12,23,35,81,3,B.Sc,B.Sc,Bussiness,Housewife
2019,IX,A,Dhavan,17,36,64,29,72,73,28,29,65,11,6,38,37,49,83,6,40,74,5,B.Sc,B.Sc,labTechnician,Teacher
2019,IX,A,Deepak,31,25,35,11,47,49,16,28,81,24,15,56,15,48,64,24,36,88,3,B.Sc,B.Sc,labTechnician,Teacher
2019,IX,A,Druv,34,30,25,14,63,53,14,6,47,35,22,93,20,21,7,24,39,99,3,B.Sc,B.Sc,Teacher,Teacher
2019,IX,A,Digvijay,38,28,10,36,63,93,18,38,29,27,70,84,17,17,63,3,46,74,11,B.Sc,B.Sc,Bussiness,Clerk
2019,IX,A,Dhaval,24,47,11,31,20,48,29,26,80,35,24,40,18,34,65,4,51,38,10,B.Sc,B.Com,Bussiness,Clerk
2019,IX,A,Dharmik,21,21,44,28,34,69,29,19,73,38,15,10,29,40,34,17,64,83,14,B.Sc,B.A,Teacher,Clerk
2019,IX,A,Darshan,30,43,9,20,71,56,20,15,20,9,70,8,11,27,20,5,66,80,10,B.Com,M.A,Bussiness,PO
2019,IX,A,Dattu,12,64,48,9,37,46,24,27,40,39,52,18,20,33,12,15,38,26,13,B.A,BMM,Bussiness,PO
2019,IX,B,Devadasu,38,27,26,31,74,86,15,15,47,34,31,95,22,24,94,14,61,77,11,M.A,BHM,Police,PO
2019,IX,B,Dayakar,15,19,81,24,25,60,10,5,41,38,24,83,20,9,86,13,43,68,13,BMM,SSC,Police,PO
2019,IX,B,Dhanush,12,63,36,28,46,48,9,5,66,16,69,49,35,52,12,34,71,75,6,BHM,Diploma,Bussiness,PO
2019,IX,B,Datta,10,11,50,31,56,18,37,16,26,32,72,47,16,21,49,10,36,80,11,SSC,M.PHIL,Police,PO
2019,IX,B,Darpan,19,26,13,30,39,59,20,26,88,14,72,61,33,25,8,31,78,33,8,Diploma,B.Sc,Bussiness,Police
2019,IX,B,Dyan,25,8,75,36,43,10,36,33,69,36,16,52,28,23,92,12,26,14,6,M.PHIL,M.TECH,Bussiness,Police
2019,IX,B,Drona,25,20,41,21,3,64,8,16,36,38,55,67,34,31,14,27,51,73,5,B.Sc,B.Com,Bussiness,Police
2019,IX,B,Dhamini,19,32,30,17,51,87,27,13,71,28,41,32,35,11,37,32,63,41,7,M.TECH,B.Sc,Engineer,Police
2019,IX,B,Dakashtha,15,44,82,14,22,93,16,7,64,30,59,78,10,23,42,10,44,15,8,B.Com,B.A,Accountant,Teacher
2019,IX,B,Durga,38,52,15,32,19,47,15,30,73,38,9,62,34,28,93,25,38,35,4,B.Sc,M.A,Teacher,Teacher
2019,X,A,Devaki,9,12,57,18,23,60,22,36,29,6,62,92,38,46,87,15,75,40,11,B.A,B.Sc,Politician,Teacher
2019,X,A,Devayani,17,21,13,25,14,44,14,34,26,34,32,31,19,18,31,31,47,12,8,M.A,B.Sc,Teacher,Teacher
2019,X,A,Devasri,33,64,49,35,74,49,23,17,55,26,27,79,15,18,47,34,18,37,11,B.Sc,B.Sc,JL,Teacher
2019,X,A,Devima,21,48,97,34,70,64,31,33,42,18,45,20,25,40,44,11,80,43,12,B.Sc,B.Sc,JL,Housewife
2019,X,A,Dhruthi,13,17,10,26,22,43,13,19,27,6,58,90,28,14,65,15,11,19,7,B.Sc,B.Sc,JL,Housewife
2019,X,A,Deepa,33,68,64,11,38,67,35,11,67,33,24,80,28,31,86,22,49,48,7,B.Sc,B.Sc,JL,Housewife
2019,X,A,Ramanuja,32,55,83,13,66,56,23,37,37,14,69,52,37,27,42,8,65,45,4,B.Sc,B.Sc,JL,Housewife
2019,X,A,Rajan,30,58,17,12,70,25,21,29,52,7,44,61,38,43,53,9,58,10,14,B.Sc,B.Sc,Teacher,Housewife
2019,X,A,Rithish,19,47,98,22,42,65,11,7,71,34,11,54,33,23,22,13,29,59,2,B.Sc,B.Sc,Teacher,Teacher
2019,X,A,Ramteja,37,36,28,30,11,24,38,10,77,20,51,35,36,54,32,12,75,16,4,B.Sc,B.Com,Teacher,accountant
2019,X,B,Rudra,35,64,29,19,23,43,32,30,92,22,72,49,34,41,68,15,78,94,2,B.Sc,B.Sc,Teacher,accountant
2019,X,B,Ranveer,9,28,27,8,16,98,29,38,82,17,69,81,31,60,67,33,37,15,2,B.Com,B.Sc,Teacher,Teacher
2019,X,B,Tillu,34,49,40,34,36,36,26,29,61,7,45,31,35,36,78,16,22,10,11,MBA,B.Sc,Bussiness,Teacher
2019,X,B,Sajith,22,76,42,12,59,31,16,38,34,21,72,97,33,44,18,23,15,30,13,MBBS,B.Com,Bussiness,Engineer
2019,X,B,Ronath,30,45,41,27,16,21,12,38,51,25,13,66,33,47,34,7,29,75,12,B.TECH,B.TECH,Engineer,Engineer
2019,X,B,Ram,38,39,13,29,23,99,27,22,76,26,5,22,26,63,84,30,77,80,10,B.TECH,B.TECH,Engineer,Engineer
2019,X,B,Rajiv,11,29,77,27,32,92,12,17,64,35,6,62,36,43,72,6,57,38,13,B.TECH,B.TECH,Engineer,Housewife
2019,X,B,Rohanth,16,68,80,11,27,23,14,7,61,16,24,58,15,41,65,16,48,62,4,B.Sc,B.TECH,Teacher,Housewife
2019,X,B,Ruthik,12,43,35,27,55,52,21,9,90,31,43,11,24,21,64,8,10,22,9,BMM,B.Sc,Clerk,Housewife
2019,X,B,Reshwanth,16,40,64,20,44,31,18,16,53,23,43,96,17,29,80,27,55,88,10,BMM,B.Sc,cheff,Housewife
